id,text,is_human
10622882e7fe4254837d8477adc89a7f,"Современные видеоигры прочно утвердились как полноценное искусство: глубокие сюжеты, эмоциональные саундтреки и визуальные шедевры доказывают, что интерактивность способна вызывать те же эмоции, что и кино и литература.",0
e48c9589f4cc44f593742e346b54a4e1,"Российские компании переходят на удалённый режим работы. Эксперты отмечают преимущества: снижение затрат на аренду офисов, гибкий график и повышение удовлетворённости сотрудников. Однако появляются и сложности: рост числа отвлекающих факторов дома, проблемы с коммуникацией в команде и ощущением изоляции. По данным исследования XYZ, 68% респондентов отмечают улучшение баланса между работой и личной жизнью, но 45% сталкиваются с выгоранием из-за отсутствия чётких границ. Власти призывают вырабатывать новые стандарты удалённого контроля.",0
62b7dd5a22884cb285e33a3dca99c923,"Будущее освоения и колонизации космоса представляет собой многомерную задачу, объединяющую научно-технические, экономические и этико-правовые аспекты. Современные достижения в области ракетостроения и космических аппаратов, в частности разработки многоразовых носителей и перспективных двигательных установок на основе электро- и плазмодвигателей, обеспечивают снижение стоимости выведения грузов на орбиту и расширяют временные горизонты межпланетных миссий. Одновременно развивается технология автотрофных и замкнутых экосред систем, позволяющих максимально эффективно перерабатывать ресурсы при длительном пребывании человека вне Земли.

Планетарное право, сформированное ООН и подтверждённое Договором о космосе 1967 года, требует обновления с учётом вовлечения частных компаний и национальных программ. Важной составляющей становится формирование международных институтов для регулирования добычи внеземных ресурсов и обеспечения экологической безопасности.

Колонизация лунного грунта и Марса предполагает этапность: от создания научных баз до развертывания полевых экосистем и возможного частичного производства кислорода и топлива по принципу in situ resource utilization (ISRU). В долгосрочной перспективе создание автономных поселений будет стимулировать развитие агротехнологий космического масштаба, биоинженерии и робототехники.

Таким образом, перспектива освоения космоса лежит на стыке передовых инженерных решений, правового регулирования и международного сотрудничества, что открывает новые горизонты для фундаментальной науки и устойчивого развития человечества.",0
66925c6504b445f98e5edcf86386b153,"Технология CRISPR/Cas9 основана на направляемой РНК, которая сопровождает эндонуклеазу Cas9 к целевому участку ДНК, обеспечивая разрез в заданной позиции. После разрыва активируются клеточные механизмы репарации: не гомологичное соединение концов (NHEJ) или гомологичная рекомбинация (HDR), что позволяет вносить точечные мутации или заменять фрагменты генома. Несмотря на перспективу лечения генетических заболеваний и создания трансгенных организмов, остаются этические и биобезопасностные вопросы, связанные с непредсказуемыми эффектами off-target и потенциальным злоупотреблением.",0
7cd3af2cc96144e1a84be793af8728e3,"В полутемной лаборатории Анна осторожно всовывала пипетку в пробирку с клеточной культурой. Она думала о том, что энергия гена может изменить будущее: CRISPR, словно нож хирурга, вырезал ненужный фрагмент ДНК и вставлял здоровую версию. Каждый шаг требовал предельной точности и ответственности. За этим молчаливым танцем молекул скрывались ответы на болезни, надежда для миллионов и сложный этический выбор: как далеко человечество готово зайти в изменении жизни?",0
7ce15bed105646c08a5d4f9af83056ee,"Привет! Сегодня хочу поговорить о дикой природе: редкие виды животных и растений исчезают из-за людей, климата и вырубки лесов. Давайте поддержим охрану биоресурсов, поможем пчелам. Ведь здоровая экосистема — это наше будущее.",0
8f7f62eb7b4a4022bdb3afb134988ea4,"Психология дезинформации обусловлена когнитивными искажениями (эвристики доступности, подтверждения), социальными сетями и алгоритмической фильтрацией. Эхо-камеры усиливают спрединг, снижая критическое мышление.",0
5eda3590f90446d2b5f88d21fc446114,"1. Оцените цели: нужны ли квантовые вычисления, децентрализация Web3 или погружение в метавселенную?
2. Подключитесь к квантовым сервисам API (IBM Q, Rigetti) для ускорения обработки данных.
3. Настройте смарт-контракты Web3 на Ethereum, Polkadot или Solana.
4. Разработайте метавселенную в Unity или Unreal и свяжите NFT с внутриигровыми предметами.
5. Применяйте блокчейн не только для криптовалют: логистика, цифровые удостоверения, токенизация активов.
6. Тестируйте, масштабируйте и используйте квантово-устойчивые алгоритмы для обеспечения безопасности.",0
283987ec576446d79f87582b23957c69,"На современном этапе социальные сети играют ключевую роль в формировании политического дискурса благодаря алгоритмической селекции контента и механизмам таргетинга. Агрегаторы данных анализируют пользовательские предпочтения, создавая «фильтр-пузырь» и усиливая поляризацию мнений. В результате информационные экосистемы становятся более сегментированными; распространение дезинформации ускоряется через вирусные механизмы обмена. Для смягчения этих эффектов необходимы прозрачные алгоритмы модерации, оценка воздействия рекомендационных систем и развитие медиаграмотности среди пользователей.",0
439c1aeea0994a68aef015412992f298,"История джазовой музыки начинается в начале XX века в Нью-Орлеане, где сложилась комбинация африканских ритмов, блюза и европейской гармонии. Основные стилевые этапы: традиционный джаз, свинг, бибоп, кул-джаз, фри-джаз и фьюжн. Ключевые фигуры: Луи Армстронг (развитие техники импровизации и свингового ритма), Дюк Эллингтон (оригинальные биг-бэнд аранжировки), Чарли Паркер (хроматическая мелодика и сложная ритмика бибопа) и Майлз Дэвис (модальный подход и интеграция электронных инструментов). Влияние джаза выразилось в дальнейшем развитии современной музыки, инновациях в гармонии и полиритмии.",0
43c48a8a8caa49169827a93cdaaeda6f,"Когда дружный шум кампуса затих, я ощутил тревогу перед экзаменом. Прогулка по парку и беседа с другом дали мне силы дышать глубже и вернуться к учёбе с ясной головой.",0
796ce8e6b87e4563932b4b0684bfb230,"Удалёнка как утопия: работаешь в пижаме, экономишь на бензине, а вместо кофе — чай из бабушкиной кружки. Минусы: холодильник манит, Zoom-болезнь и диван-офис превращают тебя в диванного йети.",0
041108a9b5334fa39513c8974366e9e0,"Технический подход к выполнению домашнего задания включает следующие этапы: анализ требований задачи, декомпозицию на подзадачи, выбор инструментов и формализацию решения. При анализе требований важно выделить входные и выходные данные, определить ограничивающие параметры и критерии успешности. Декомпозиция предполагает разделение сложной задачи на более простые модули, что снижает когнитивную нагрузку. Для управления временем рекомендуется использовать методику Pomodoro с интервальными циклами работы по 25 минут и короткими перерывами. Эффективная стратегия запоминания основывается на принципах активного воспроизведения и интервального повторения (spaced repetition). Для систематизации знаний можно применять карточки (flashcards) с вопросами на лицевой стороне и ответами на обороте, а также строить интеллектуальные карты (mind maps) для визуализации связей между концепциями. В процессе работы важно вести структурированные заметки по методу Cornell: раздел «основные идеи», «детали» и «ситуации применения». Рефлексия после завершения каждой сессии помогает оценить достигнутые результаты и скорректировать план. Комбинация этих технических приемов позволяет повысить продуктивность, снизить уровень стресса и улучшить качество усвоения материала.",0
3bfccae1fcfe40d99b0f55afbf3a5723,"Ведущие маркетологи в свежем отчёте информационного агентства «Бизнес-Гид» констатируют рост спроса на комплексный подход к цифровому продвижению. Аналитики указывают четыре ключевых направления, способных заинтересовать малый и средний бизнес уже в ближайший квартал.

1. Идеи для постов в социальных сетях. Эксперты советуют использовать формат коротких новостных дайджестов с актуальными статистическими данными. По данным агентства, вовлечённость таких публикаций на 35% превышает средний показатель за 2023 год.

2. Рекламные тексты (ad copy). В фокусе — прямые обращения к болям клиентской аудитории и подчёркивание уникального торгового предложения (УТП). В «Бизнес-Гид» рекомендуют тестировать варианты заголовков с эмоциональными триггерами и проводить A/B-тестирование в режиме реального времени.

3. Описания товаров. Новая тенденция — структуированный storytelling: краткое описание проблемы, решение и социальное доказательство. По наблюдениям аналитиков, такой формат повышает конверсию интернет-магазинов на 20–25%.

4. Готовые контуры бизнес-планов. Журналисты агентства выявили популярность шаблонов с разделами «Анализ рынка», «SWOT-матрица» и «Финансовая модель». Более 60% стартапов, использовавших унифицированный план, получили инвестиции на ранней стадии развития.

Доклад «Цифровые инструменты маркетинга 2024» будет представлен на международной конференции Digitech Summit в следующем месяце. Организаторы ожидают более 1 500 участников из России и стран СНГ, которые ознакомятся с практическими рекомендациями по внедрению описанных решений в бизнес-процессы.",0
6b588213bf9143bcabae5beac9d340bb,"Привет, друзья! Уже через пару лет мы можем увидеть на улицах города автономные автомобили, которые сами едут на работу и привозят нас домой, пока мы болтаем в мессенджере или вообще дремлем. А гиперлуп превратит путешествие между мегаполисами в короткую прогулку: за каких-то полчаса добраться из Москвы до Питера – реальность. К тому же летающие такси и электромопеды обещают снизить пробки и шум. Конечно, останутся вопросы безопасности и энергоэффективности, но технологии не стоят на месте, и будущее транспорта выглядит очень захватывающим. Давайте поглядим, что нас ждет уже скоро!",0
1fc78a7ac8584218a696f07ac93de736,"Москва, 12 июня. В российских семьях растёт интерес к финансовой грамотности: ряд экспертов подчеркнули важность составления личного бюджета, планирования расходов и накоплений.
По данным опроса, 68% респондентов ежемесячно фиксируют доходы и расходы, а около 42% создают «финансовую подушку» на случай непредвиденных обстоятельств.
Экономисты рекомендуют выделять на сбережения не менее 10–20% ежемесячного дохода.
Специалисты отмечают, что понимание основных принципов инвестирования помогает увеличить капитал: акции крупных компаний часто считаются менее рискованными, чем вложения в криптовалюты, однако оба рынка подвержены волатильности.
При этом эксперты советуют не вкладывать в цифровые активы больше средств, чем вы готовы потерять.
Важный экономический инструмент — сложный процент, который позволяет вкладывать дивиденды обратно и получать пассивный доход.
Также следует учитывать такие понятия, как инфляция и процентная ставка по депозитам, чтобы выбирать оптимальные финансовые продукты.
Аналитики уверены, что системный подход к бюджету и инвестициям — залог устойчивого роста благосостояния.",0
a7f80f7e010047148ef16b380f9b724f,"История демократии уходит корнями в античную Грецию, но сегодня она сталкивается с новыми угрозами: популизмом, дезинформацией и экономическим неравенством. Борьба за справедливость требует активного участия общества и защиты свобод.",0
4196447ec9ea4e86ac16e94d0613404c,"Введение: В последние десятилетия психическое здоровье признано критической составляющей общественного благосостояния. Несмотря на это, глобальная осведомлённость и доступность эффективного лечения остаются недостаточными. Во-первых, культурные стереотипы и стигматизация в разных регионах препятствуют раннему выявлению и обращению за помощью. Например, в ряде азиатских и африканских стран психические расстройства до сих пор воспринимаются как моральный или духовный дефект.

Во-вторых, в странах с низким и средним уровнем дохода отсутствует инфраструктура для оказания квалифицированной психиатрической помощи: наблюдается дефицит специалистов, недостаток финансирования и хроническая нехватка лечебных учреждений. В развитых государствах проблемы носят иной характер: перегруженность служб психической помощи, недостаточное внедрение цифровых технологий и фрагментарность междисциплинарного подхода.

В-третьих, глобальные различия в законодательстве и системе медицинского страхования создают неравенство в доступе к терапии. Во многих регионах пациенты сталкиваются с высокой стоимостью медикаментов и ограниченным покрытием страховых полисов. Кроме того, языковые и образовательные барьеры препятствуют эффективному взаимодействию пациентов и специалистов.

Заключение: Преодоление этих вызовов требует комплексного подхода: повышения психиатрической грамотности населения, разработки международных руководств и стандартов, интеграции психического здоровья в первичную медико-санитарную помощь, а также использования телемедицины и обучения мультидисциплинарных команд.",0
ebde87bcc90044b6b83f4689dc834cd3,"Москва, 1 ноября. Онлайн-медиа всё чаще становятся ареной острой политической полемики: по данным исследования Центра интернет-аналитики, 68% пользователей заявляют, что обострение дискуссий в социальных сетях влияет на их восприятие кандидатов. Эксперты отмечают, что платформы усиливают эффект «пузырей фильтров»: алгоритмы показывают пользователю только привычный контент, укрепляя уже существующие убеждения. Представитель партии «Гражданская инициатива» Мария Иванова в интервью заявила: «Посты в Сети влияют на настроения избирателей не меньше традиционных СМИ». По её словам, скорость распространения фейков в Twitter и Facebook требует новых регуляторных мер. Аналитики подчёркивают: только через прозрачность алгоритмов и повышение медиаграмотности возможно снижение уровня политической поляризации в интернете.",0
d8ad40b494dd41068c880943d2319517,"В статье рассматривается эволюция децентрализованных финансов (DeFi), механизм смарт-контрактов, токенизация активов и их влияние на традиционные банковские системы и возможности масштабируемости.",0
a85d8a97d11b4296b74e972ad0f78b47,"Ведущие эксперты IT-сообщества сообщили о росте интереса к эффективной отладке кода и написанию функций на Python и JavaScript. По данным нового исследования, 78% разработчиков уделяют особое внимание пониманию алгоритмов и оптимизации их работы. Кроме того, отмечен значительный всплеск спроса на веб- и мобильную разработку: популярность фреймворков React, Vue и Flutter достигает рекордных показателей. Специалисты подчеркивают, что глубокое знание основ и активное применение современных инструментов отладки ускоряют вывод продуктов на рынок и повышают качество конечных решений.",0
